ID,Nombre,Teléfono,Email
7,Juan Pérez,600123456,juan@gmail.com
8,Ana López,611987654,ana@gmail.com
9,Carlos Ruiz,622555444,carlos@gmail.com
10,Juan Pérez,600123456,juan@gmail.com
11,Ana López,611987654,ana@gmail.com
12,Carlos Ruiz,622555444,carlos@gmail.com
13,Juan Pérez,600123456,juan@gmail.com
14,Ana López,611987654,ana@gmail.com
15,Carlos Ruiz,622555444,carlos@gmail.com
16,Antonio,600956787,Heran76@gmail.com
17,Juan Pérez,600123456,juan@gmail.com
18,Ana López,611987654,ana@gmail.com
19,Carlos Ruiz,622555444,carlos@gmail.com
